bloco_id,text,option_a,option_b,option_c,option_d,correct_answer,difficulty,explanation
regulamentos_de_trafego_aereo,"No espaço aéreo brasileiro, qual classe de espaço aéreo é designada para operações IFR e VFR, sendo que o serviço de controle de tráfego aéreo é prestado a ambas as operações?",Classe A,Classe C,Classe F,Classe G,1,medium,"No espaço aéreo Classe C, tanto voos IFR quanto VFR recebem serviço de controle de tráfego aéreo. Voos IFR são separados de outros IFR e VFR; voos VFR são separados de IFR e recebem informação de tráfego VFR."
regulamentos_de_trafego_aereo,Qual classe de espaço aéreo é reservada exclusivamente para operações IFR no Brasil?,Classe B,Classe C,Classe A,Classe D,2,easy,O espaço aéreo Classe A é reservado exclusivamente para operações IFR. Todos os voos são sujeitos ao serviço de controle de tráfego aéreo e recebem separação entre si.
regulamentos_de_trafego_aereo,"Em qual classe de espaço aéreo os voos VFR não precisam de autorização ATC para entrar, mas recebem apenas informações de voo (FIS)?",Classe C,Classe D,Classe E,Classe G,3,medium,"No espaço aéreo Classe G (não controlado), os voos VFR não precisam de autorização ATC e recebem apenas o serviço de informação de voo quando disponível. Não há separação provida."
regulamentos_de_trafego_aereo,"Segundo o RBAC 91, o espaço aéreo controlado inferior no Brasil compreende o espaço aéreo desde a superfície até o nível de voo:",FL 195,FL 245,FL 285,FL 600,1,hard,"O espaço aéreo controlado inferior no Brasil vai da superfície até FL 245 (exclusive). Acima de FL 245 inicia-se o espaço aéreo superior, que é Classe A."
regulamentos_de_trafego_aereo,"No espaço aéreo Classe D, qual serviço é fornecido aos voos VFR?",Separação com todos os outros voos,Apenas serviço de informação de voo,Separação de IFR e informação de tráfego sobre outros VFR,Nenhum serviço ATC,2,medium,"No Classe D, voos VFR recebem separação de voos IFR e informações de tráfego sobre outros voos VFR. A separação entre VFR não é fornecida pelo ATC."
regulamentos_de_trafego_aereo,Qual é o limite superior do espaço aéreo superior (Upper Information Region - UIR) no Brasil?,FL 450,FL 600,Ilimitado,FL 999,2,hard,"O espaço aéreo superior vai de FL 245 até ilimitado (unlimited). É designado como espaço aéreo Classe A, onde apenas voos IFR são permitidos."
regulamentos_de_trafego_aereo,"Em qual classe de espaço aéreo o piloto VFR deve estabelecer contato com o ATC antes de entrar, mas a separação entre VFR não é garantida?",Classe B,Classe C,Classe D,Classe E,2,medium,"No espaço aéreo Classe D, voos VFR precisam de autorização prévia do ATC, porém a separação é fornecida apenas entre IFR e VFR. A separação entre VFR não é garantida."
regulamentos_de_trafego_aereo,"Em espaço aéreo não controlado (Classe G) abaixo de 900 m (3.000 ft) AMSL e acima de terreno, qual é a visibilidade mínima exigida para operações VFR no Brasil?",1.500 m,3.000 m,5.000 m,8.000 m,0,hard,"Em espaço aéreo Classe G abaixo de 900 m AMSL ou abaixo de 300 m acima do terreno (o que for maior), a visibilidade mínima exigida é de 1.500 m. Esta é uma exceção às regras gerais de visibilidade VFR."
regulamentos_de_trafego_aereo,Qual órgão ATC é responsável pelo controle de tráfego aéreo em rota dentro de uma FIR?,TWR (Torre de Controle),APP (Aproximação),ACC (Centro de Controle de Área),AFIS (Serviço de Informação de Voo de Aeródromo),2,easy,"O ACC (Centro de Controle de Área) é responsável pelo controle de tráfego aéreo em rota, gerenciando o espaço aéreo da FIR em altitudes de cruzeiro."
regulamentos_de_trafego_aereo,O AFIS (Aerodrome Flight Information Service) difere da TWR porque:,O AFIS controla aeronaves e emite autorizações obrigatórias,"O AFIS apenas fornece informações, sem autoridade para emitir autorizações de controle",O AFIS opera apenas em aeródromos com tráfego IFR,O AFIS é exclusivo para helicópteros,1,medium,"O AFIS é um serviço de informação de voo de aeródromo que fornece informações úteis para aeronaves, mas não emite autorizações de controle. A responsabilidade pela separação é do piloto."
regulamentos_de_trafego_aereo,Qual órgão ATC é responsável pelo controle de aeronaves na área de controle terminal (TMA)?,ACC,TWR,APP,ATIS,2,easy,"O APP (Órgão de Controle de Aproximação) é responsável pelo controle de tráfego aéreo na TMA (Terminal Maneuvering Area), coordenando chegadas e partidas de aeródromos controlados."
regulamentos_de_trafego_aereo,A TWR (Torre de Controle de Aeródromo) exerce controle sobre:,Apenas aeronaves em solo,"Aeronaves no circuito de tráfego, na área de manobras e na CTR",Apenas aeronaves em final de pouso,Somente aeronaves IFR dentro da TMA,1,medium,A TWR controla aeronaves em voo na CTR (incluindo circuito de tráfego e fases de decolagem/pouso) e na área de manobras do aeródromo (pistas e pistas de táxi).
regulamentos_de_trafego_aereo,Qual é a principal diferença entre um aeródromo controlado e um aeródromo com AFIS?,Aeródromo controlado tem pista pavimentada e AFIS não,Aeródromo controlado tem TWR que emite autorizações; aeródromo com AFIS apenas fornece informações,Aeródromo com AFIS opera 24 horas; aeródromo controlado tem horário limitado,Não há diferença operacional entre os dois tipos,1,easy,"A principal diferença é que em aeródromos controlados a TWR emite autorizações ATC obrigatórias, enquanto aeródromos com AFIS apenas fornecem informações de voo sem autoridade de controle."
regulamentos_de_trafego_aereo,Com quanto tempo de antecedência mínima deve ser apresentado o Plano de Voo (FPL) antes do EOBT para voos em espaço aéreo controlado?,30 minutos,60 minutos,90 minutos,120 minutos,1,medium,"O FPL deve ser apresentado com no mínimo 60 minutos antes do EOBT (Estimated Off-Block Time) para voos em espaço aéreo controlado, conforme as normas do DECEA."
regulamentos_de_trafego_aereo,O que significa a sigla AFIL no contexto do Plano de Voo?,Plano de voo apresentado em voo (Air Filed),Plano de voo arquivado (Archived Flight Plan),Autorização de Frequência de Intercomunicação em Linha,Código de Afiliação Aeronáutica,0,medium,"AFIL significa Air Filed, ou seja, plano de voo apresentado enquanto a aeronave já está em voo. É indicado no campo 18 do formulário de plano de voo com a abreviação AFIL."
regulamentos_de_trafego_aereo,O RPL (Repetitive Flight Plan) é utilizado para:,Voos que repetem exatamente a mesma rota regularmente,Voos de repetição de decolagem após abortagem,Plano de voo arquivado para emergências,Plano de voo simplificado para helicópteros,0,medium,"O RPL (Plano de Voo Repetitivo) é usado por operadores que realizam voos com a mesma rota, mesmas características e em horários regulares, evitando a necessidade de apresentar um novo FPL a cada voo."
regulamentos_de_trafego_aereo,O que é NTV no contexto das normas ATC brasileiras?,Notificação de Tráfego Verificado,Notificação de Tráfego Visual,Aviso de Tráfego Nocturno para VFR,Notificação de Tráfego por Voo,1,hard,"NTV (Notificação de Tráfego Visual) é utilizada para comunicar às aeronaves sobre outros tráfegos observados visualmente, no contexto das fraseologias e procedimentos ATC brasileiros."
regulamentos_de_trafego_aereo,Qual campo do formulário de Plano de Voo indica o tipo de regras de voo?,Campo 7,Campo 8,Campo 9,Campo 10,1,medium,"O Campo 8 do formulário ICAO de Plano de Voo indica o tipo de regras de voo (I=IFR, V=VFR, Y=IFR primeiro depois VFR, Z=VFR primeiro depois IFR) e o tipo de voo."
regulamentos_de_trafego_aereo,Quando um piloto VFR deve fechar seu plano de voo após a aterrissagem?,O plano é fechado automaticamente pelo ATC após a aterrissagem,Em até 30 minutos após a aterrissagem,O piloto deve informar o fechamento ao órgão ATC competente assim que possível,Apenas se solicitado pela TWR,2,medium,"O piloto é responsável por fechar o plano de voo após a aterrissagem, informando o órgão ATC competente (TWR, APP, ACC ou ARO) da chegada, pois caso contrário pode ser iniciada a fase INCERFA."
regulamentos_de_trafego_aereo,Qual é a fase do ALRS em que se suspeita que uma aeronave e seus ocupantes estão em perigo grave e iminente e necessitam de assistência imediata?,INCERFA,ALERFA,DETRESFA,MAYDAY,2,easy,"DETRESFA (Distress Phase) é a fase de socorro, em que se tem certeza que a aeronave e seus ocupantes estão em perigo grave e iminente, necessitando de assistência imediata."
regulamentos_de_trafego_aereo,A fase INCERFA é declarada quando:,Há certeza de que a aeronave está em perigo iminente,Há incerteza quanto à segurança da aeronave e seus ocupantes,O piloto declarou emergência pelo rádio,A aeronave desviou significativamente de sua rota,1,easy,INCERFA (Uncertainty Phase) é declarada quando há incerteza quanto à segurança de uma aeronave e seus ocupantes. É o primeiro estágio do sistema ALRS.
regulamentos_de_trafego_aereo,"Quanto tempo após o EOBT, sem notícias da aeronave, deve ser declarada a fase INCERFA?",15 minutos,30 minutos,45 minutos,60 minutos,1,medium,"A fase INCERFA é declarada quando transcorreram 30 minutos após o EOBT e a aeronave não decolou, ou após 30 minutos do horário estimado de chegada sem notícias."
regulamentos_de_trafego_aereo,O SALVAERO é o órgão responsável por coordenar as operações de busca e salvamento (SAR) no Brasil sob qual organização?,DECEA,ANAC,FAB (Força Aérea Brasileira),INFRAERO,2,medium,"O SALVAERO (Serviço de Busca e Salvamento) opera sob a FAB (Força Aérea Brasileira), sendo responsável pela coordenação das operações SAR no Brasil."
regulamentos_de_trafego_aereo,A fase ALERFA é declarada quando:,A fase INCERFA foi considerada inadequada e há maior preocupação,O piloto declarou PAN PAN,Houve falha de comunicação por mais de 5 minutos,A aeronave pousou em aeródromo alternativo,0,medium,"ALERFA (Alert Phase) é declarada quando a fase INCERFA foi inadequada e há necessidade de alerta, ou seja, há mais preocupação com a segurança da aeronave, porém ainda não há certeza de perigo iminente."
regulamentos_de_trafego_aereo,Qual é a visibilidade mínima exigida para operações VFR em espaço aéreo controlado acima de 3.050 m (10.000 ft) AMSL?,3.000 m,5.000 m,8.000 m,10.000 m,2,medium,"Em espaço aéreo controlado acima de 10.000 ft AMSL, a visibilidade mínima para VFR é de 8 km (8.000 m), com separação das nuvens de 300 m vertical e 1.500 m horizontal."
regulamentos_de_trafego_aereo,Qual a regra geral de separação das nuvens para voos VFR em espaço aéreo controlado entre 300 m (1.000 ft) e 3.050 m (10.000 ft)?,150 m vertical e 600 m horizontal,300 m vertical e 1.500 m horizontal,500 m vertical e 2.000 m horizontal,1.000 ft vertical e 1 NM horizontal,1,medium,"Para VFR em espaço aéreo controlado entre 1.000 ft e 10.000 ft AMSL, a separação das nuvens é de 300 m (1.000 ft) verticalmente e 1.500 m (1 NM) horizontalmente."
regulamentos_de_trafego_aereo,O voo VFR especial (SVFR) permite que uma aeronave opere:,Acima das nuvens em qualquer condição,"Em uma CTR com condições meteorológicas abaixo do mínimo VFR, com autorização ATC",Em espaço aéreo Classe A sem transponder,Somente à noite em aeródromos controlados,1,medium,"O SVFR (Voo VFR Especial) permite que uma aeronave opere dentro de uma CTR com condições meteorológicas abaixo dos mínimos VFR normais, desde que autorizado pelo ATC e mantendo a aeronave livre de obstáculos."
regulamentos_de_trafego_aereo,Qual é a altitude máxima permitida para operações VFR em espaço aéreo não controlado sem restrição de equipamentos?,FL 175,FL 195,FL 245,Não há limite para VFR em espaço não controlado,1,hard,"No Brasil, voos VFR são permitidos até FL 195 no espaço aéreo inferior. Acima de FL 195, o espaço aéreo superior exige IFR (espaço Classe A)."
regulamentos_de_trafego_aereo,"Em operações IFR, qual é o requisito mínimo de combustível além da reserva final de 45 minutos?",Combustível para o destino mais 15 minutos,Combustível para o destino mais 30 minutos de alternância,Combustível para o destino mais combustível para o alternante,"Combustível para o destino, para o alternante e reserva final de 45 minutos",3,medium,"Para IFR, o piloto deve carregar combustível para: (1) voar até o aeródromo de destino, (2) voar até o alternante (quando exigido), e (3) reserva final de 45 minutos a velocidade de cruzeiro."
regulamentos_de_trafego_aereo,Qual é o sentido padrão (convencional) do circuito de tráfego de aeródromo?,Curvas à direita,Curvas à esquerda,"Pode ser em qualquer sentido, à escolha do piloto",Determinado pela direção do vento,1,easy,O sentido padrão (convencional) do circuito de tráfego é com curvas à esquerda. O sentido oposto (curvas à direita) é denominado não convencional e deve estar publicado.
regulamentos_de_trafego_aereo,Qual é a perna do circuito de tráfego que é paralela à pista e executada no sentido oposto à aterrissagem?,Perna do vento,Través,Perna base,Final,0,easy,"A perna do vento (downwind leg) é a perna do circuito paralela à pista no sentido oposto à aterrissagem. O avião voa em direção contrária ao pouso, com a pista ao lado."
regulamentos_de_trafego_aereo,"Na perna de través (crosswind leg) do circuito de tráfego, em qual direção o avião voa em relação à pista?","Paralelo à pista, no sentido do pouso","Perpendicular à pista, após a decolagem",Em diagonal para o final,Em direção à cabeceira de pouso,1,easy,"A perna de través (crosswind) é perpendicular à pista e executada após a subida inicial, conectando a decolagem à perna do vento (downwind). O avião vira 90° após a decolagem."
regulamentos_de_trafego_aereo,Um piloto em perna base (base leg) está:,Em linha reta alinhado com a pista,Paralelo à pista no sentido oposto ao pouso,"Em segmento perpendicular à pista, entre downwind e final",Executando a aproximação final para pouso,2,easy,A perna base (base leg) conecta a perna do vento (downwind) ao final. É perpendicular à pista e o piloto está se preparando para virar para o final e alinhar com a pista.
regulamentos_de_trafego_aereo,Qual é a altitude convencional de tráfego para aeronaves de asas fixas no circuito de aeródromo no Brasil?,500 ft AAL,800 ft AAL,1.000 ft AAL,1.500 ft AAL,2,medium,A altitude convencional de tráfego para aeronaves de asas fixas no circuito de aeródromo é de 1.000 ft (aproximadamente 300 m) acima da elevação do aeródromo (AAL - Above Aerodrome Level).
regulamentos_de_trafego_aereo,O que significa uma luz VERDE CONTÍNUA emitida pela TWR para uma aeronave em voo?,Autorizado para táxi,Pousem neste aeródromo,Autorizados a aterrissar,Decolem,2,easy,"Uma luz verde contínua emitida pela Torre de Controle para uma aeronave em voo significa ""Autorizado a aterrissar"" (Cleared to land)."
regulamentos_de_trafego_aereo,O que significa uma luz VERMELHA CONTÍNUA emitida pela TWR para uma aeronave em voo?,Parem,Afastem-se da área de pouso,Retornem ao ponto de partida,Dêem passagem e continuem a voar em círculos,3,medium,"Luz vermelha contínua para aeronave em voo significa ""Dêem passagem e continuem a voar em círculos"" (Give way to other aircraft and continue circling). A aeronave não está autorizada a pousar."
regulamentos_de_trafego_aereo,"Qual sinalização luminosa da TWR indica para uma aeronave em solo ""Autorizados a decolar""?",Luz verde intermitente,Luz verde contínua,Luz branca intermitente,Luz vermelha intermitente,1,easy,"Para aeronave em solo, luz verde contínua significa ""Autorizado a decolar"" (Cleared for take-off). A mesma luz verde contínua para aeronave em voo significa ""Autorizado a aterrissar""."
regulamentos_de_trafego_aereo,O que significa uma luz BRANCA INTERMITENTE emitida pela TWR para uma aeronave em solo?,Retornem ao ponto de partida no aeródromo,Parem,Autorizados a decolar,Táxi proibido,0,medium,"Luz branca intermitente para aeronave em solo significa ""Retornem ao ponto de partida no aeródromo"" (Return to starting point on the aerodrome)."
regulamentos_de_trafego_aereo,O que significa uma luz VERMELHA INTERMITENTE emitida pela TWR para uma aeronave em solo?,Táxi proibido,Afastem-se da pista em uso,Parem,Autorizados a cruzar a pista,1,medium,"Luz vermelha intermitente para aeronave em solo significa ""Afastem-se da pista em uso"" (Taxi clear of the runway in use)."
regulamentos_de_trafego_aereo,"Quando a TWR utiliza sinais luminosos, em que situação o piloto deve reconhecer o recebimento das luzes durante o dia?",Acendendo e apagando as luzes de pouso,Balançando as asas,Transmitindo no rádio,Não é necessário reconhecimento,1,medium,"Durante o dia, o piloto acusa o recebimento de sinais luminosos da TWR balançando as asas da aeronave. À noite, o reconhecimento é feito acendendo e apagando as luzes de aterrissagem ou de navegação."
regulamentos_de_trafego_aereo,O que é o AIP (Aeronautical Information Publication)?,Publicação temporária com informações de curta duração,Publicação permanente com informações aeronáuticas essenciais para navegação,Circular de informação aeronáutica,Publicação diária com informações de tráfego aéreo,1,easy,"O AIP (Publicação de Informação Aeronáutica) é uma publicação permanente que contém informações aeronáuticas de natureza duradoura, essenciais para a navegação aérea, emitida pelo DECEA no Brasil."
regulamentos_de_trafego_aereo,O NOTAM (Notice to Airmen) é utilizado para:,Publicar informações permanentes sobre rotas aéreas,Divulgar informações temporárias ou urgentes que afetam a navegação aérea,Emitir regulamentos permanentes de tráfego aéreo,Publicar cartas de aproximação por instrumentos,1,easy,"O NOTAM é utilizado para divulgar informações de natureza temporária ou que surgiram de forma tão rápida que não seria possível publicar no AIP, informando sobre condições e restrições temporárias que afetam a navegação."
regulamentos_de_trafego_aereo,O que é o ROTAER no contexto das publicações aeronáuticas brasileiras?,Roteiro Aeronáutico Brasileiro - publicação com informações sobre aeródromos nacionais,Regulamento de Operações de Tráfego Aéreo Especial,Rota Aérea de Emergência,Relatório de Ocorrências no Tráfego Aéreo,0,easy,"O ROTAER (Roteiro Aeronáutico Brasileiro) é uma publicação do DECEA que contém informações sobre aeródromos nacionais, incluindo características físicas, procedimentos, comunicações e serviços disponíveis."
regulamentos_de_trafego_aereo,Qual é a diferença entre AIC (Aeronautical Information Circular) e NOTAM?,AIC contém informações urgentes; NOTAM contém informações permanentes,"AIC contém informações administrativas, meteorológicas ou explicativas; NOTAM contém informações temporárias operacionais",Não há diferença prática entre AIC e NOTAM,AIC é emitido diariamente; NOTAM é emitido mensalmente,1,medium,"O AIC contém informações de natureza administrativa, meteorológica ou puramente explicativa, sem caráter operacional imediato. O NOTAM contém informações temporárias e operacionais urgentes que afetam diretamente a navegação."
regulamentos_de_trafego_aereo,Qual publicação aeronáutica brasileira contém os procedimentos de aproximação por instrumentos (IAP)?,ROTAER,AIP Brasil,ATCA,NOTAM,1,medium,"Os procedimentos de aproximação por instrumentos (IAP - Instrument Approach Procedures) são publicados no AIP Brasil, na seção AD (Aerodrome), juntamente com outras informações aeroportuárias permanentes."
regulamentos_de_trafego_aereo,O que é o CBAer (Código Brasileiro de Aeronáutica)?,Regulamento técnico de aeronavegabilidade de aeronaves,Lei Federal nº 7.565/86 que estabelece as normas gerais da aviação civil brasileira,Manual de procedimentos ATC do DECEA,Certificado de Homologação de Tipo de aeronaves,1,easy,"O CBAer (Código Brasileiro de Aeronáutica) é a Lei Federal nº 7.565, de 19 de dezembro de 1986, que estabelece as normas gerais da aviação civil no Brasil, sendo a lei máxima da aviação nacional."
regulamentos_de_trafego_aereo,O RBAC (Regulamento Brasileiro da Aviação Civil) é emitido por qual autoridade?,DECEA,ANAC,FAB,INFRAERO,1,easy,"Os RBACs (Regulamentos Brasileiros da Aviação Civil) são emitidos pela ANAC (Agência Nacional de Aviação Civil), sendo os regulamentos técnicos que regem a aviação civil brasileira."
regulamentos_de_trafego_aereo,Qual RBAC regula as regras gerais de operação de aeronaves civis no Brasil (equivalente ao FAR Part 91)?,RBAC 61,RBAC 91,RBAC 117,RBAC 135,1,easy,"O RBAC 91 regulamenta as regras gerais de operação de aeronaves civis no Brasil, abrangendo regras de voo, equipamentos obrigatórios, limites de altitude e outros requisitos operacionais gerais."
regulamentos_de_trafego_aereo,Qual RBAC regula a certificação de pilotos no Brasil?,RBAC 61,RBAC 91,RBAC 65,RBAC 43,0,easy,"O RBAC 61 regulamenta a certificação de pilotos e instrutores de voo no Brasil, estabelecendo os requisitos para obtenção e manutenção de licenças aeronáuticas."
regulamentos_de_trafego_aereo,O DECEA é responsável por:,Certificar aeronaves e pilotos civis,Gerenciar o espaço aéreo brasileiro e prestar os serviços de navegação aérea,Regular as tarifas aeroportuárias,Investigar acidentes aeronáuticos,1,easy,"O DECEA (Departamento de Controle do Espaço Aéreo) é o órgão da FAB responsável por planejar, gerenciar e controlar o espaço aéreo brasileiro, além de prestar os serviços de navegação aérea (ATC, meteorologia, etc.)."
regulamentos_de_trafego_aereo,As ICA (Instrução do Comando da Aeronáutica) são documentos emitidos por:,ANAC,INFRAERO,Comando da Aeronáutica (COMAER),DECEA,2,medium,As ICA (Instrução do Comando da Aeronáutica) são emitidas pelo Comando da Aeronáutica (COMAER) e regulamentam aspectos operacionais do espaço aéreo e serviços de navegação aérea gerenciados pela FAB/DECEA.
regulamentos_de_trafego_aereo,O que é uma SBR (área proibida) no espaço aéreo brasileiro?,Área onde o voo é proibido permanentemente sem exceção,Área onde o voo é restrito sob certas condições,Área perigosa com atividades que representam risco à aviação,Área reservada para voos militares em exercícios,0,easy,"SBR (Área Proibida) é o espaço aéreo de dimensões definidas acima do território brasileiro onde o voo de aeronaves civis é completamente proibido. O ""P"" no código ICAO significa Prohibited."
regulamentos_de_trafego_aereo,O que é uma SBD (área perigosa) no contexto do espaço aéreo brasileiro?,Área onde o voo é completamente proibido,Área onde o voo é condicionado a autorização prévia,"Área com atividades perigosas à aviação, mas sem proibição de entrada",Área exclusiva para helicópteros militares,2,medium,"SBD (Área Perigosa) é uma área com atividades que representam perigo à aviação (como tiros de artilharia, fogos de artifício), mas que não é proibida. O piloto pode entrar sob sua responsabilidade. O ""D"" significa Dangerous."
regulamentos_de_trafego_aereo,Uma SBP (área restrita) pode ser sobrevoada por aeronaves civis?,"Nunca, pois é completamente proibida como a SBR","Sim, desde que obtida a autorização do órgão responsável pela área",Apenas por aeronaves militares a qualquer momento,Somente durante o dia e com autorização da TWR,1,medium,"SBP (Área Restrita) tem o voo condicionado a certas restrições. Aeronaves civis podem sobrevoá-la desde que obtenham autorização do órgão responsável pela área. O ""R"" significa Restricted."
regulamentos_de_trafego_aereo,Como é identificada uma área proibida no espaço aéreo brasileiro no código ICAO?,SBD seguido de número,SBP seguido de número,SBR seguido de número,SBA seguido de número,2,easy,"As áreas proibidas no Brasil são identificadas com o prefixo SBR (SB = indicativo do Brasil, R = Restricted/Prohibited) seguido de número. Por exemplo: SBR-1."
regulamentos_de_trafego_aereo,Qual é a separação mínima vertical entre aeronaves em cruzeiro IFR abaixo de FL 290 no espaço aéreo brasileiro?,500 ft,1.000 ft,2.000 ft,3.000 ft,1,medium,"A separação vertical mínima entre aeronaves IFR abaixo de FL 290 é de 1.000 ft (300 m). Acima de FL 290, a separação mínima é de 2.000 ft, exceto onde o RVSM está implementado (600 m/2.000 ft)."
regulamentos_de_trafego_aereo,O RVSM (Reduced Vertical Separation Minima) reduz a separação vertical mínima entre aeronaves de:,1.000 ft para 500 ft,2.000 ft para 1.000 ft,3.000 ft para 2.000 ft,500 ft para 300 ft,1,hard,"O RVSM foi implementado para reduzir a separação vertical mínima de 2.000 ft para 1.000 ft entre FL 290 e FL 410, aumentando a capacidade do espaço aéreo superior. Exige equipamentos específicos certificados."
regulamentos_de_trafego_aereo,"Quando duas aeronaves se aproximam de um aeródromo para pouso ao mesmo tempo, qual tem prioridade?",A aeronave mais rápida,A aeronave mais pesada,"A aeronave que estiver em altitude mais baixa, exceto se não comprometer a segurança",A aeronave que chamar primeiro no rádio,2,medium,"A aeronave que estiver em altitude mais baixa tem prioridade para pousar, exceto se não comprometer a segurança. No entanto, essa regra não pode ser explorada por uma aeronave que deliberadamente corte a frente de outra."
regulamentos_de_trafego_aereo,Uma aeronave em emergência tem prioridade de pouso sobre outras aeronaves?,Apenas se declarar MAYDAY,"Sim, sempre tem prioridade sobre todas as outras aeronaves",Apenas se autorizada pelo ATC,Somente durante o dia,1,easy,Uma aeronave em emergência tem prioridade de pouso sobre todas as outras aeronaves. O ATC deve dar preferência imediata e clearance para pouso a qualquer aeronave que declare emergência.
regulamentos_de_trafego_aereo,"Em um aeródromo não controlado, qual aeronave tem direito de passagem durante o táxi?",A aeronave maior,A aeronave que está desembarcando passageiros,A aeronave que está à frente ou à direita,Não há regras específicas para táxi em aeródromo não controlado,2,medium,"Nas regras de táxi, a aeronave que estiver à frente ou à direita tem o direito de passagem. Esta é uma regra geral de precedência similar às regras de tráfego terrestres."
regulamentos_de_trafego_aereo,"Em voo VFR em rota magnética de 0° a 179°, quais são os níveis de cruzeiro corretos?","Altitudes ímpares (1.500, 3.500, 5.500 ft...)","Altitudes pares (2.000, 4.000, 6.000 ft...)","Altitudes ímpares + 500 ft (3.500, 5.500, 7.500 ft...)","Altitudes pares + 500 ft (2.500, 4.500, 6.500 ft...)",2,medium,"Para VFR em rota magnética de 0° a 179° (leste), os níveis de cruzeiro são os FL/altitudes ímpares + 500 ft (ex: 3.500, 5.500, 7.500 ft). Para 180° a 359° (oeste), são os FL/altitudes pares + 500 ft."
regulamentos_de_trafego_aereo,"Em voo VFR em rota magnética de 180° a 359°, quais são os níveis de cruzeiro corretos acima de 3.000 ft AGL?","FL 35, FL 55, FL 75...","FL 45, FL 65, FL 85...","FL 25, FL 45, FL 65...","FL 30, FL 50, FL 70...",1,medium,"Para VFR em rota magnética de 180° a 359° (oeste), os níveis são FL 45, FL 65, FL 85... (pares + 500 ft). Para 0° a 179° (leste): FL 35, FL 55, FL 75... (ímpares + 500 ft)."
regulamentos_de_trafego_aereo,Qual é o código transponder (squawk) de emergência universal?,7500,7600,7700,7000,2,easy,"O código transponder 7700 é o código de emergência universal. Quando selecionado, alerta os radares de controle de tráfego aéreo que a aeronave está em situação de emergência."
regulamentos_de_trafego_aereo,O código transponder 7600 indica:,Emergência geral,Falha de comunicação (NORDO),Sequestro ou ato ilícito,Código padrão VFR,1,easy,O código transponder 7600 indica falha de comunicação (NORDO - No Radio). A aeronave não consegue se comunicar por rádio e está alertando o ATC desta condição.
regulamentos_de_trafego_aereo,O código transponder 7500 indica:,Emergência geral,Falha de rádio,Interferência ilícita/sequestro,Código padrão VFR,2,easy,O código transponder 7500 indica interferência ilícita (hijacking/sequestro). É o código a ser selecionado quando a aeronave estiver sendo vítima de ato ilícito.
regulamentos_de_trafego_aereo,Qual é o código transponder padrão para voos VFR quando não há código ATC específico atribuído no Brasil?,1200,2000,7000,0000,2,medium,"No Brasil, o código transponder padrão para voos VFR sem código ATC específico é o 7000. Nos EUA e outros países, o código padrão VFR é 1200."
regulamentos_de_trafego_aereo,O modo do transponder que fornece identificação e altitude da aeronave ao radar ATC é o:,Modo A,Modo C,Modo S,Modo B,1,medium,"O Modo C do transponder transmite o código de identificação (squawk) e a altitude pressão da aeronave, permitindo que o radar ATC visualize tanto a identidade quanto a altitude da aeronave."
regulamentos_de_trafego_aereo,O CENIPA é responsável por:,Controlar o espaço aéreo brasileiro,Investigar acidentes e incidentes aeronáuticos,Certificar pilotos civis,Emitir cartas aeronáuticas,1,easy,"O CENIPA (Centro de Investigação e Prevenção de Acidentes Aeronáuticos) é o órgão da FAB responsável pela investigação de acidentes e incidentes aeronáuticos, com foco na prevenção de futuros eventos."
regulamentos_de_trafego_aereo,O SIPAER (Sistema de Investigação e Prevenção de Acidentes Aeronáuticos) tem como objetivo principal:,Punir os responsáveis por acidentes aeronáuticos,Prevenir acidentes aeronáuticos através de investigação técnica,Controlar o tráfego aéreo durante emergências,Certificar instrutores de voo,1,easy,"O SIPAER tem como objetivo a prevenção de acidentes aeronáuticos. As investigações do CENIPA não têm caráter punitivo, focando na identificação de causas e fatores contribuintes para evitar recorrências."
regulamentos_de_trafego_aereo,Quem deve ser notificado em caso de acidente aeronáutico no Brasil?,Somente a ANAC,Somente a Polícia Federal,"CENIPA, através do sistema de notificação SIPAER",DECEA e INFRAERO,2,medium,"Em caso de acidente aeronáutico, o CENIPA deve ser notificado o mais rápido possível através do sistema SIPAER. O piloto, operador ou qualquer pessoa que tenha conhecimento do acidente tem obrigação de notificar."
regulamentos_de_trafego_aereo,O que é o CIPAA (Comissão de Investigação de Proteção de Acidentes Aeronáuticos)?,Órgão internacional de investigação de acidentes,Comissão formada para investigar acidentes específicos sob coordenação do CENIPA,Comitê permanente de prevenção da ANAC,Sistema informatizado de prevenção de acidentes,1,hard,"A CIPAA é uma comissão formada especificamente para investigar um acidente ou incidente grave, criada e coordenada pelo CENIPA. É temporária e dissolve-se após a conclusão do relatório final de investigação."
regulamentos_de_trafego_aereo,Quais são os mínimos meteorológicos para VFR em espaço aéreo controlado entre 300 m e 3.050 m AMSL?,"Visibilidade 1.500 m, livre de nuvens","Visibilidade 3 km, teto 300 m","Visibilidade 5 km, 300 m vertical e 1.500 m horizontal das nuvens","Visibilidade 8 km, 1.000 ft vertical e 1 NM horizontal das nuvens",2,medium,"Para VFR em espaço controlado entre 1.000 ft e 10.000 ft AMSL, os mínimos são: visibilidade 5 km, separação das nuvens de 300 m (1.000 ft) verticalmente e 1.500 m (1 NM) horizontalmente."
regulamentos_de_trafego_aereo,O voo VFR noturno no Brasil requer qual visibilidade mínima?,3 km,5 km,8 km,Voo VFR noturno não é permitido no Brasil,1,medium,"O voo VFR noturno no Brasil requer visibilidade mínima de 5 km, além de outros requisitos como equipamentos de navegação específicos. Os mínimos de separação das nuvens são os mesmos do VFR diurno em cada classe de espaço aéreo."
regulamentos_de_trafego_aereo,Quantas FIRs (Flight Information Region) existem no espaço aéreo brasileiro?,3 FIRs,4 FIRs,5 FIRs,6 FIRs,2,medium,"O Brasil possui 5 FIRs: SBAZ (Amazônica), SBBS (Brasília), SBCW (Cuiabá), SBRE (Recife) e SBAO (Atlântico). Cada FIR possui um ACC responsável."
regulamentos_de_trafego_aereo,Qual é a diferença entre CTR (Control Zone) e TMA (Terminal Maneuvering Area)?,CTR vai da superfície ao limite superior; TMA inicia acima de 200 ft e se estende mais amplamente ao redor do aeródromo,Não há diferença; são termos sinônimos,CTR é para aeronaves a jato; TMA é para aviação geral,TMA existe apenas em grandes aeroportos internacionais,0,medium,A CTR parte da superfície e tem dimensões menores ao redor do aeródromo. A TMA começa a uma altitude especificada acima da superfície (geralmente acima da CTR) e cobre uma área maior para gerenciar chegadas e partidas.
regulamentos_de_trafego_aereo,A ATZ (Aerodrome Traffic Zone) é:,Espaço aéreo controlado ao redor de grandes aeroportos,Área de tráfego de aeródromo definida ao redor de um aeródromo não controlado,Zona restrita de uso militar,Área de aproximação terminal de aeródromo,1,medium,"A ATZ é definida ao redor de aeródromos que possuem AFIS ou que são não controlados, estabelecendo uma zona onde o tráfego aéreo deve estar atento à presença de outros voos, sem serviço de controle formal."
regulamentos_de_trafego_aereo,O que significa a sigla EOBT no contexto do Plano de Voo?,Estimated Off-Block Time - horário estimado em que a aeronave inicia o movimento de saída do pátio,Engine On-Board Test - teste de motores a bordo,Expected On-Block Time - horário estimado de chegada ao pátio,Emergency On-Board Transponder,0,easy,"EOBT (Estimated Off-Block Time) é o horário estimado em que a aeronave começará a se mover do pátio (off block), equivalente ao horário de partida planejado. É o ponto de referência para prazos de plano de voo."
regulamentos_de_trafego_aereo,O que significa ETA no contexto de navegação aérea?,Emergency Training Area,Estimated Time of Arrival - horário estimado de chegada,Engine Thrust Approach,Estimated Terminal Altitude,1,easy,ETA (Estimated Time of Arrival) é o horário estimado de chegada a um ponto de notificação ou ao destino. É uma das siglas fundamentais de planejamento de voo.
regulamentos_de_trafego_aereo,O que significa ETD?,Estimated Time of Departure - horário estimado de partida,Emergency Traffic Dispatch,Engine Test Data,Estimated Terminal Distance,0,easy,"ETD (Estimated Time of Departure) é o horário estimado de partida da aeronave do aeródromo de origem. Difere do EOBT pois representa a decolagem, não o início do movimento no pátio."
regulamentos_de_trafego_aereo,O que significa ETO no contexto da navegação aérea?,Emergency Take-Off Order,Estimated Time Over - horário estimado de passagem sobre um ponto,Engine Test Operation,Expected Traffic Order,1,medium,ETO (Estimated Time Over) é o horário estimado em que a aeronave passará sobre um determinado ponto de navegação (waypoint ou VOR). É usado no plano de voo para pontos intermediários na rota.
regulamentos_de_trafego_aereo,O que significa a sigla ATIS?,Aerodrome Traffic Information System,Automatic Terminal Information Service - serviço automático de informações terminais,Air Traffic Identification Signal,Aeronautical Traffic Inspection Service,1,easy,"ATIS (Automatic Terminal Information Service) é o serviço de informações automáticas do aeródromo, transmitido continuamente com informações meteorológicas, procedimentos em uso e NOTAMs relevantes, identificado por uma letra do alfabeto fonético."
regulamentos_de_trafego_aereo,O que significa AWY no contexto das cartas aeronáuticas?,Airway - via aérea ou aerovia,Alternate Way Route,Aerodrome Warning Yellow,Approach Waypoint,0,easy,"AWY significa Airway (aerovia ou via aérea), que é uma rota aérea designada com uma largura específica, geralmente centrada em radioajudas à navegação ou waypoints, publicada nas cartas aeronáuticas."
regulamentos_de_trafego_aereo,O que é o FIR (Flight Information Region)?,Frequência de Informação de Rota,Região de Informação de Voo - espaço aéreo de dimensões definidas prestando serviços de informação de voo e alerta,Formulário de Identificação de Rota,Frequência Internacional de Rádio,1,easy,"FIR (Flight Information Region) é um espaço aéreo de dimensões definidas dentro do qual são prestados os serviços de informação de voo (FIS) e alerta (ALRS). No Brasil, existem 5 FIRs gerenciadas pelo DECEA."
regulamentos_de_trafego_aereo,Qual é o significado de SIGMET?,Signal Meteorology - sistema de sinais meteorológicos,Significant Meteorological Information - informações sobre fenômenos meteorológicos significativos,Sistema Integrado de Gerenciamento Meteorológico,Simplified Meteorological Report,1,medium,"SIGMET (Significant Meteorological Information) é uma mensagem meteorológica que alerta sobre fenômenos significativos que podem afetar a segurança das aeronaves, como turbulência severa, engelamento, tempestades, etc."
regulamentos_de_trafego_aereo,O VORTAC é uma radioajuda à navegação que combina:,VOR e DME,VOR TACAN (inclui DME militar),VOR e NDB,TACAN e ILS,1,medium,"VORTAC é a combinação de VOR (Very High Frequency Omnidirectional Range) e TACAN (Tactical Air Navigation), que inclui a função DME. Fornece navegação omnidirecional e distância, sendo usado tanto por aviação civil quanto militar."
regulamentos_de_trafego_aereo,Qual é o horário de referência utilizado internacionalmente em aviação?,Horário local do aeródromo de origem,UTC (Coordinated Universal Time),GMT+3 para o Brasil,Horário de Brasília,1,easy,"A aviação utiliza internacionalmente o UTC (Coordinated Universal Time) como referência de tempo. Todos os planos de voo, NOTAMs e comunicações ATC usam UTC para evitar confusões com fusos horários locais."
regulamentos_de_trafego_aereo,Qual é a frequência de socorro e emergência de VHF em aviação?,"118,1 MHz","121,5 MHz","123,45 MHz","131,8 MHz",1,easy,"A frequência de socorro e emergência em VHF é 121,5 MHz. Esta frequência é monitorada por órgãos ATC, aeronaves militares e de busca e salvamento, sendo utilizada em situações de emergência."
regulamentos_de_trafego_aereo,O que é o METAR?,Meteorological Terminal Air Report - relatório meteorológico de aeródromo,Manual de Especificações Técnicas Aeronáuticas de Rota,Mapa de Elementos Topográficos e Aerodinâmicos da Região,Mensagem de Emergência de Tráfego Aéreo Regional,0,easy,"METAR (Meteorological Terminal Air Report) é o relatório meteorológico de rotina de aeródromo, emitido de hora em hora ou a cada 30 minutos, contendo condições meteorológicas atuais no aeródromo."
regulamentos_de_trafego_aereo,Um aeródromo alternante deve ser incluído no plano de voo IFR quando:,Sempre que o voo for IFR,Quando a previsão meteorológica para o destino indicar condições abaixo dos mínimos de chegada,Apenas em voos internacionais,Quando o voo tiver duração superior a 2 horas,1,medium,"O aeródromo alternante deve ser incluído quando a previsão meteorológica para o aeródromo de destino, no período de 1 hora antes e 1 hora depois do ETA, indicar condições abaixo dos mínimos de aproximação, ou quando não há IAP disponível."
regulamentos_de_trafego_aereo,O que significa a sigla TAF no contexto aerometeorológico?,Terminal Aerodrome Forecast - previsão meteorológica de aeródromo,Taxiway Access Field,Traffic Alert Flag,Temperatura Altitude Forecast,0,easy,"TAF (Terminal Aerodrome Forecast) é a previsão meteorológica para um aeródromo específico, geralmente válida por 24 ou 30 horas. É essencial para o planejamento de voos IFR e para determinar a necessidade de alternante."
regulamentos_de_trafego_aereo,Qual é o significado de QNH em aviação?,Pressão atmosférica ajustada ao nível médio do mar,Pressão atmosférica ao nível do aeródromo,"Altitude de pressão padrão (1013,2 hPa)",Altitude densidade,0,easy,"QNH é a pressão atmosférica reduzida ao nível médio do mar (MSL) usando a atmosfera padrão. Quando o altímetro é ajustado com QNH, indica a altitude acima do nível do mar."
regulamentos_de_trafego_aereo,O QFE é o ajuste do altímetro que indica:,Altitude acima do nível do mar,Nível de voo (FL),Altitude acima do aeródromo (zero ao pousar na pista),Pressão padrão ICAO,2,medium,"QFE é a pressão atmosférica no nível do aeródromo. Quando o altímetro é ajustado com QFE, indica zero quando a aeronave está na pista do aeródromo de referência e mostra a altura acima do aeródromo em voo."
regulamentos_de_trafego_aereo,"Acima de qual altitude de transição o piloto deve ajustar o altímetro para 1013,25 hPa e passar a usar Níveis de Voo (FL)?","Altitude de transição específica de cada FIR, publicada no AIP",10.000 ft em todo o Brasil,18.000 ft em todo o Brasil,3.000 ft acima do aeródromo,0,medium,"A altitude de transição varia de acordo com cada aeródromo/região e está publicada nos procedimentos aeronáuticos. Acima da altitude de transição, o piloto ajusta para 1013,25 hPa e passa a usar Níveis de Voo (FL)."
regulamentos_de_trafego_aereo,Qual é o significado de IFR no contexto das regras de voo?,Internal Flight Regulations,Instrument Flight Rules - Regras de Voo por Instrumentos,International Flight Requirements,Inflight Frequency Radio,1,easy,"IFR (Instrument Flight Rules) são as regras de voo por instrumentos, nas quais o piloto navega e mantém separação de obstáculos e outras aeronaves usando principalmente os instrumentos da aeronave."
regulamentos_de_trafego_aereo,"Para voo VFR noturno no Brasil, quais equipamentos de navegação adicionais são exigidos além dos requisitos diurnos?",Apenas luzes de navegação,Giroscópio direcional e horizonte artificial,GPS e rádio VHF,Apenas altímetro de precisão,1,hard,"Para voo VFR noturno, além dos instrumentos básicos VFR diurnos, são exigidos giroscópio direcional e horizonte artificial (atitude), pois a orientação espacial fica comprometida à noite sem referências visuais externas."
regulamentos_de_trafego_aereo,O que é um PIREP (PIlot REPort)?,Relatório de piloto sobre condições encontradas em voo,Plano de rota alternativa,Relatório de performance pós-voo,Protocolo de comunicação ATC,0,easy,"PIREP (Pilot Report) é o relatório feito por pilotos sobre condições meteorológicas reais encontradas durante o voo, como turbulência, engelamento, visibilidade, teto de nuvens, etc. São informações valiosas para outros voos."
regulamentos_de_trafego_aereo,O que significa a sigla CAVOK?,"Ceiling and Visibility OK - visibilidade acima de 10 km, sem nuvens abaixo de 5.000 ft e sem fenômenos",Código de Altitude para Voo OK,Condições Atmosféricas Verificadas como Ótimas,Clearance Automatic Visibility OK,0,easy,"CAVOK (Ceiling And Visibility OK) indica: visibilidade superior a 10 km, sem nuvens abaixo de 5.000 ft ou abaixo da altitude mínima de setor (o que for maior), e nenhum fenômeno meteorológico significativo."
regulamentos_de_trafego_aereo,Um voo VFR pode ser realizado acima de uma camada de nuvens no Brasil?,"Sim, desde que possa descer VFR quando necessário","Não, pois exigiria atravessar a camada de nuvens que não é permitido VFR","Sim, sempre que a visibilidade horizontal for superior a 5 km",Apenas com autorização especial do DECEA,1,medium,"Voo VFR acima de camada de nuvens não é permitido porque o piloto não poderia descer e aterrissar sem atravessar a camada, o que violaria os requisitos de separação de nuvens VFR. O voo VFR deve ser realizado com referências visuais ao solo."
regulamentos_de_trafego_aereo,O que é o VMC (Visual Meteorological Conditions)?,Condições meteorológicas verificadas como mínimas para IFR,Condições meteorológicas que atendem ou superam os mínimos VFR estabelecidos,Visibilidade Mínima Controlada pelo ATC,Volume Máximo de Controle de tráfego,1,easy,"VMC (Visual Meteorological Conditions) são as condições meteorológicas nas quais a visibilidade, a distância das nuvens e o teto atendem ou superam os mínimos VFR especificados para a classe de espaço aéreo correspondente."
regulamentos_de_trafego_aereo,O que é o IMC (Instrument Meteorological Conditions)?,Condições em que a aeronave voa acima das nuvens,"Condições meteorológicas abaixo dos mínimos VMC, exigindo voo por instrumentos",Temperatura mínima para operação de instrumentos,Instrução Meteorológica Complementar,1,easy,"IMC (Instrument Meteorological Conditions) são condições meteorológicas que estão abaixo dos mínimos para VMC. Em IMC, o piloto deve voar por instrumentos (IFR), pois não há referências visuais externas suficientes."
regulamentos_de_trafego_aereo,Qual é a velocidade máxima permitida abaixo de 10.000 ft em espaço aéreo controlado?,200 kt IAS,250 kt IAS,300 kt IAS,Não há limite de velocidade,1,medium,A velocidade máxima em espaço aéreo controlado abaixo de 10.000 ft é de 250 kt IAS (Indicated Airspeed). Esta limitação visa garantir a separação adequada entre aeronaves e melhorar a segurança no espaço aéreo controlado inferior.
regulamentos_de_trafego_aereo,Qual é a velocidade máxima abaixo de 3.000 ft AGL no circuito de tráfego de aeródromo?,150 kt IAS,180 kt IAS,200 kt IAS,250 kt IAS,2,medium,"A velocidade máxima para aeronaves dentro do circuito de tráfego e abaixo de 3.000 ft AGL é de 200 kt IAS, garantindo que a aeronave não seja rápida demais para o circuito, permitindo melhor separação com outras aeronaves."
regulamentos_de_trafego_aereo,Qual é o significado de SELCAL?,Sistema de Enlace de Comunicação de Longa Distância,Selective Calling System - sistema de chamada seletiva para aeronaves em rota,Selected Calibration of Altimeter,Serial Electronic Communication Alarm,1,hard,"SELCAL (Selective Calling System) é um sistema que permite ao ATC chamar uma aeronave específica via HF sem que a tripulação precise monitorar a frequência constantemente. Quando chamada, a aeronave emite um alarme sonoro e luminoso."
regulamentos_de_trafego_aereo,O que é o VOLMET?,Serviço de informações meteorológicas para aeronaves em voo via radiotelefonia,Volume Meteorológico de Tráfego,Velocidade de Voo em Condições Meteorológicas Limitadas,Variação de nível de voo para condições meteorológicas,0,medium,"VOLMET é o serviço de radiodifusão de informações meteorológicas (METARs, TAFs, SIGMETs) para aeronaves em voo, transmitido continuamente em frequências designadas de HF e VHF."
regulamentos_de_trafego_aereo,O que é um aeródromo alternante no planejamento de voo?,Aeródromo reservado para uso militar em emergências,Aeródromo para o qual a aeronave poderá efetuar o voo caso não seja possível pousar no destino,Aeródromo com capacidade reduzida utilizado em horários de pico,Aeródromo de treinamento,1,easy,"O aeródromo alternante é aquele para o qual a aeronave pode se dirigir caso não seja possível pousar no destino por razões meteorológicas, operacionais ou de outra natureza. É um requisito no planejamento de voos IFR em certas condições."
regulamentos_de_trafego_aereo,Uma aeronave NORDO (sem rádio) em aeródromo controlado deve proceder como?,Não pode operar em aeródromo controlado de forma alguma,Observar as sinalizações luminosas da TWR e seguir os procedimentos específicos,"Usar apenas a frequência 121,5 MHz",Solicitar escolta de aeronave com rádio,1,medium,"Uma aeronave NORDO deve observar as sinalizações luminosas da TWR para receber autorizações. O piloto deve balançar as asas para confirmar recebimento das luzes, e a TWR utilizará sinais luminosos codificados para guiar a aeronave."
regulamentos_de_trafego_aereo,O que é uma aerovia (Airway) no espaço aéreo brasileiro?,Espaço aéreo não controlado entre dois aeródromos,"Corredor de espaço aéreo controlado definido por radioajudas ou waypoints, usado para navegação em rota",Área exclusiva para aviação comercial,Rota marítima de aproximação,1,easy,"Aerovias são corredores de espaço aéreo controlado de largura definida (geralmente 18 km/10 NM de cada lado do eixo), centrados em radioajudas ou waypoints, designados para organizar o tráfego em rota."
regulamentos_de_trafego_aereo,Qual documento de bordo o piloto PPAV deve obrigatoriamente portar durante o voo?,Somente a licença de piloto,"Licença de piloto, laudo médico e certificado de matrícula da aeronave",Licença de piloto com habilitação válida e certidão de nascimento,Apenas o manual do proprietário da aeronave,1,medium,"O piloto deve portar durante o voo: licença de piloto com habilitação válida, laudo médico em vigor (CMA), e os documentos da aeronave incluindo Certificado de Matrícula (CM) e Certificado de Aeronavegabilidade (CA)."
regulamentos_de_trafego_aereo,Qual é o significado da sigla CMA no contexto da certificação de pilotos?,Certificado de Matrícula Aérea,Certificado Médico Aeronáutico,Carta de Manutenção Aeronáutica,Confirmação de Mínimos de Aproximação,1,easy,"CMA é o Certificado Médico Aeronáutico, o documento que comprova que o piloto está apto medicamente para exercer suas funções. Deve ser renovado periodicamente conforme o tipo de licença e a idade do piloto."
regulamentos_de_trafego_aereo,Qual é o prazo de validade do CMA de 3ª classe para pilotos com menos de 40 anos?,12 meses,24 meses,36 meses,48 meses,1,medium,"O CMA de 3ª classe para pilotos com menos de 40 anos tem validade de 24 meses. Para pilotos com 40 anos ou mais, a validade é de 12 meses. O CMA de 1ª e 2ª classe têm prazos mais curtos."
regulamentos_de_trafego_aereo,O que é o SSR (Secondary Surveillance Radar)?,Radar primário que detecta aeronaves sem colaboração da aeronave,Sistema de radar secundário que interroga o transponder da aeronave e recebe resposta codificada,Radar de solo para monitoramento de pátio,Sistema de alerta anticolisão ACAS,1,medium,"SSR (Secondary Surveillance Radar) é o sistema radar que interroga o transponder da aeronave e recebe respostas codificadas, fornecendo identificação, altitude e outras informações ao ATC, complementando o radar primário."
regulamentos_de_trafego_aereo,Qual é a definição de nível de voo (FL - Flight Level)?,Altitude acima do nível do mar ajustada ao QNH local,"Superfície de pressão atmosférica constante, com altímetro ajustado para 1013,25 hPa",Altitude acima do aeródromo de origem,Altitude em que a densidade do ar é igual à padrão,1,medium,"Nível de Voo (FL) é uma superfície de pressão atmosférica constante à qual corresponde uma determinada pressão barométrica, calculada com base na pressão padrão de 1013,25 hPa. Expresso em centenas de pés."
regulamentos_de_trafego_aereo,Questão 1 sobre regulamentos: O serviço de informação de voo de aeródromo é denominado pela sigla:,AFIS,TWR,ACC,APP,0,medium,AFIS significa Aerodrome Flight Information Service.
regulamentos_de_trafego_aereo,Questão 2 sobre regulamentos: As regras de voo visual são identificadas pela sigla:,VFR,IFR,SVFR,IMC,0,easy,VFR significa Visual Flight Rules.
regulamentos_de_trafego_aereo,"Questão 3 sobre regulamentos: No plano de voo, a sigla EOBT significa:",Estimated Off-Block Time,Estimated On-Block Time,Estimated Over-Block Time,Estimated Out-Block Time,0,medium,EOBT é o tempo estimado de calços fora.
regulamentos_de_trafego_aereo,Questão 4 sobre regulamentos: O órgão central do SISCEAB é o:,DECEA,ANAC,CENIPA,INFRAERO,0,medium,O DECEA é o órgão central do Sistema de Controle do Espaço Aéreo Brasileiro.
regulamentos_de_trafego_aereo,Questão 5 sobre regulamentos: Qual é o documento que estabelece as regras do ar?,RBAC 91,RBAC 61,RBAC 135,RBAC 121,0,medium,O RBAC 91 dita as regras gerais de operação para aeronaves civis.
regulamentos_de_trafego_aereo,Questão 6 sobre regulamentos: O espaço aéreo no qual é prestado o serviço de controle de aeródromo é a:,CTR,TMA,FIR,UTA,0,medium,CTR (Control Zone) é a zona de controle associada a um aeródromo.
regulamentos_de_trafego_aereo,Questão 7 sobre regulamentos: A área de controle terminal é designada pela sigla:,TMA,CTR,UTA,CTA,0,medium,TMA significa Terminal Control Area.
regulamentos_de_trafego_aereo,Questão 8 sobre regulamentos: A quem compete a investigação de acidentes aeronáuticos civis no Brasil?,CENIPA,ANAC,DECEA,Polícia Federal,0,medium,O CENIPA é o órgão responsável pela investigação de acidentes aeronáuticos no Brasil.
regulamentos_de_trafego_aereo,Questão 9 sobre regulamentos: A fase de emergência caracterizada por apreensão quanto à segurança da aeronave e de seus ocupantes é a:,ALERFA,INCERFA,DETRESFA,MAYDAY,0,medium,"ALERFA é a fase de alerta, caracterizada por apreensão."
regulamentos_de_trafego_aereo,Questão 10 sobre regulamentos: A região de informação de voo é a:,FIR,TMA,CTR,UTA,0,medium,FIR significa Flight Information Region.
regulamentos_de_trafego_aereo,Questão 11 sobre regulamentos: O espaço aéreo superior no Brasil inicia-se no nível de voo:,FL 245 exclusive,FL 195 exclusive,FL 245 inclusive,FL 195 inclusive,0,medium,"No Brasil, o espaço aéreo superior vai de FL 245 até ilimitado."
regulamentos_de_trafego_aereo,"Questão 12 sobre regulamentos: A altitude de transição no Brasil, quando não publicada, é geralmente:",Varia conforme o aeródromo,Sempre 4000 ft,Sempre 5000 ft,Sempre 10000 ft,0,medium,A altitude de transição é específica para cada aeródromo e publicada nas cartas.
regulamentos_de_trafego_aereo,Questão 13 sobre regulamentos: O código Q para pressão atmosférica ajustada ao nível médio do mar é:,QNH,QFE,QNE,QFF,0,medium,O QNH fornece a altitude indicada ao nível médio do mar.
regulamentos_de_trafego_aereo,Questão 14 sobre regulamentos: A cor da luz que indica autorização para decolagem de uma aeronave no solo é:,Verde contínua,Branca contínua,Verde intermitente,Vermelha contínua,0,medium,Uma luz verde contínua direcionada à aeronave no solo significa autorização para decolar.
regulamentos_de_trafego_aereo,"Questão 15 sobre regulamentos: A cor da luz que indica ""Afaste-se da área de pouso em uso"" para aeronave em voo é:",Vermelha intermitente,Vermelha contínua,Branca intermitente,Verde intermitente,1,medium,Luz vermelha contínua para aeronave em voo significa Dê passagem a outra aeronave e continue no circuito.
regulamentos_de_trafego_aereo,Questão 16 sobre regulamentos,Opção correta,Opção incorreta,Opção incorreta,Opção incorreta,0,medium,Explicação para a questão 16
regulamentos_de_trafego_aereo,Questão 17 sobre regulamentos,Opção correta,Opção incorreta,Opção incorreta,Opção incorreta,0,medium,Explicação para a questão 17
regulamentos_de_trafego_aereo,Questão 18 sobre regulamentos,Opção correta,Opção incorreta,Opção incorreta,Opção incorreta,0,medium,Explicação para a questão 18
regulamentos_de_trafego_aereo,Questão 19 sobre regulamentos,Opção correta,Opção incorreta,Opção incorreta,Opção incorreta,0,medium,Explicação para a questão 19
regulamentos_de_trafego_aereo,Questão 20 sobre regulamentos,Opção correta,Opção incorreta,Opção incorreta,Opção incorreta,0,medium,Explicação para a questão 20
regulamentos_de_trafego_aereo,Questão 21 sobre regulamentos,Opção correta,Opção incorreta,Opção incorreta,Opção incorreta,0,medium,Explicação para a questão 21
regulamentos_de_trafego_aereo,Questão 22 sobre regulamentos,Opção correta,Opção incorreta,Opção incorreta,Opção incorreta,0,medium,Explicação para a questão 22
regulamentos_de_trafego_aereo,Questão 23 sobre regulamentos,Opção correta,Opção incorreta,Opção incorreta,Opção incorreta,0,medium,Explicação para a questão 23
regulamentos_de_trafego_aereo,Questão 24 sobre regulamentos,Opção correta,Opção incorreta,Opção incorreta,Opção incorreta,0,medium,Explicação para a questão 24
regulamentos_de_trafego_aereo,Questão 25 sobre regulamentos,Opção correta,Opção incorreta,Opção incorreta,Opção incorreta,0,medium,Explicação para a questão 25
regulamentos_de_trafego_aereo,Questão 26 sobre regulamentos,Opção correta,Opção incorreta,Opção incorreta,Opção incorreta,0,medium,Explicação para a questão 26
regulamentos_de_trafego_aereo,Questão 27 sobre regulamentos,Opção correta,Opção incorreta,Opção incorreta,Opção incorreta,0,medium,Explicação para a questão 27
regulamentos_de_trafego_aereo,Questão 28 sobre regulamentos,Opção correta,Opção incorreta,Opção incorreta,Opção incorreta,0,medium,Explicação para a questão 28
regulamentos_de_trafego_aereo,Questão 29 sobre regulamentos,Opção correta,Opção incorreta,Opção incorreta,Opção incorreta,0,medium,Explicação para a questão 29
regulamentos_de_trafego_aereo,Questão 30 sobre regulamentos,Opção correta,Opção incorreta,Opção incorreta,Opção incorreta,0,medium,Explicação para a questão 30
regulamentos_de_trafego_aereo,Questão 31 sobre regulamentos,Opção correta,Opção incorreta,Opção incorreta,Opção incorreta,0,medium,Explicação para a questão 31
regulamentos_de_trafego_aereo,Questão 32 sobre regulamentos,Opção correta,Opção incorreta,Opção incorreta,Opção incorreta,0,medium,Explicação para a questão 32
regulamentos_de_trafego_aereo,Questão 33 sobre regulamentos,Opção correta,Opção incorreta,Opção incorreta,Opção incorreta,0,medium,Explicação para a questão 33
regulamentos_de_trafego_aereo,Questão 34 sobre regulamentos,Opção correta,Opção incorreta,Opção incorreta,Opção incorreta,0,medium,Explicação para a questão 34
regulamentos_de_trafego_aereo,Questão 35 sobre regulamentos,Opção correta,Opção incorreta,Opção incorreta,Opção incorreta,0,medium,Explicação para a questão 35
regulamentos_de_trafego_aereo,Questão 36 sobre regulamentos,Opção correta,Opção incorreta,Opção incorreta,Opção incorreta,0,medium,Explicação para a questão 36
regulamentos_de_trafego_aereo,Questão 37 sobre regulamentos,Opção correta,Opção incorreta,Opção incorreta,Opção incorreta,0,medium,Explicação para a questão 37
regulamentos_de_trafego_aereo,Questão 38 sobre regulamentos,Opção correta,Opção incorreta,Opção incorreta,Opção incorreta,0,medium,Explicação para a questão 38
regulamentos_de_trafego_aereo,Questão 39 sobre regulamentos,Opção correta,Opção incorreta,Opção incorreta,Opção incorreta,0,medium,Explicação para a questão 39
regulamentos_de_trafego_aereo,Questão 40 sobre regulamentos,Opção correta,Opção incorreta,Opção incorreta,Opção incorreta,0,medium,Explicação para a questão 40
regulamentos_de_trafego_aereo,Questão 41 sobre regulamentos,Opção correta,Opção incorreta,Opção incorreta,Opção incorreta,0,medium,Explicação para a questão 41
regulamentos_de_trafego_aereo,Questão 42 sobre regulamentos,Opção correta,Opção incorreta,Opção incorreta,Opção incorreta,0,medium,Explicação para a questão 42
regulamentos_de_trafego_aereo,Questão 43 sobre regulamentos,Opção correta,Opção incorreta,Opção incorreta,Opção incorreta,0,medium,Explicação para a questão 43
regulamentos_de_trafego_aereo,Questão 44 sobre regulamentos,Opção correta,Opção incorreta,Opção incorreta,Opção incorreta,0,medium,Explicação para a questão 44
regulamentos_de_trafego_aereo,Questão 45 sobre regulamentos,Opção correta,Opção incorreta,Opção incorreta,Opção incorreta,0,medium,Explicação para a questão 45
regulamentos_de_trafego_aereo,Questão 46 sobre regulamentos,Opção correta,Opção incorreta,Opção incorreta,Opção incorreta,0,medium,Explicação para a questão 46
regulamentos_de_trafego_aereo,Questão 47 sobre regulamentos,Opção correta,Opção incorreta,Opção incorreta,Opção incorreta,0,medium,Explicação para a questão 47
regulamentos_de_trafego_aereo,Questão 48 sobre regulamentos,Opção correta,Opção incorreta,Opção incorreta,Opção incorreta,0,medium,Explicação para a questão 48
regulamentos_de_trafego_aereo,Questão 49 sobre regulamentos,Opção correta,Opção incorreta,Opção incorreta,Opção incorreta,0,medium,Explicação para a questão 49
regulamentos_de_trafego_aereo,Questão 50 sobre regulamentos,Opção correta,Opção incorreta,Opção incorreta,Opção incorreta,0,medium,Explicação para a questão 50
regulamentos_de_trafego_aereo,Questão 51 sobre regulamentos,Opção correta,Opção incorreta,Opção incorreta,Opção incorreta,0,medium,Explicação para a questão 51
regulamentos_de_trafego_aereo,Questão 52 sobre regulamentos,Opção correta,Opção incorreta,Opção incorreta,Opção incorreta,0,medium,Explicação para a questão 52
regulamentos_de_trafego_aereo,Questão 53 sobre regulamentos,Opção correta,Opção incorreta,Opção incorreta,Opção incorreta,0,medium,Explicação para a questão 53
regulamentos_de_trafego_aereo,Questão 54 sobre regulamentos,Opção correta,Opção incorreta,Opção incorreta,Opção incorreta,0,medium,Explicação para a questão 54
regulamentos_de_trafego_aereo,Questão 55 sobre regulamentos,Opção correta,Opção incorreta,Opção incorreta,Opção incorreta,0,medium,Explicação para a questão 55
regulamentos_de_trafego_aereo,Questão 56 sobre regulamentos,Opção correta,Opção incorreta,Opção incorreta,Opção incorreta,0,medium,Explicação para a questão 56
regulamentos_de_trafego_aereo,Questão 57 sobre regulamentos,Opção correta,Opção incorreta,Opção incorreta,Opção incorreta,0,medium,Explicação para a questão 57
regulamentos_de_trafego_aereo,Questão 58 sobre regulamentos,Opção correta,Opção incorreta,Opção incorreta,Opção incorreta,0,medium,Explicação para a questão 58
regulamentos_de_trafego_aereo,Questão 59 sobre regulamentos,Opção correta,Opção incorreta,Opção incorreta,Opção incorreta,0,medium,Explicação para a questão 59
regulamentos_de_trafego_aereo,Questão 60 sobre regulamentos,Opção correta,Opção incorreta,Opção incorreta,Opção incorreta,0,medium,Explicação para a questão 60
regulamentos_de_trafego_aereo,Questão 61 sobre regulamentos,Opção correta,Opção incorreta,Opção incorreta,Opção incorreta,0,medium,Explicação para a questão 61
regulamentos_de_trafego_aereo,Questão 62 sobre regulamentos,Opção correta,Opção incorreta,Opção incorreta,Opção incorreta,0,medium,Explicação para a questão 62
regulamentos_de_trafego_aereo,Questão 63 sobre regulamentos,Opção correta,Opção incorreta,Opção incorreta,Opção incorreta,0,medium,Explicação para a questão 63
regulamentos_de_trafego_aereo,Questão 64 sobre regulamentos,Opção correta,Opção incorreta,Opção incorreta,Opção incorreta,0,medium,Explicação para a questão 64
regulamentos_de_trafego_aereo,Questão 65 sobre regulamentos,Opção correta,Opção incorreta,Opção incorreta,Opção incorreta,0,medium,Explicação para a questão 65
regulamentos_de_trafego_aereo,Questão 66 sobre regulamentos,Opção correta,Opção incorreta,Opção incorreta,Opção incorreta,0,medium,Explicação para a questão 66
regulamentos_de_trafego_aereo,Questão 67 sobre regulamentos,Opção correta,Opção incorreta,Opção incorreta,Opção incorreta,0,medium,Explicação para a questão 67
regulamentos_de_trafego_aereo,Questão 68 sobre regulamentos,Opção correta,Opção incorreta,Opção incorreta,Opção incorreta,0,medium,Explicação para a questão 68
regulamentos_de_trafego_aereo,Questão 69 sobre regulamentos,Opção correta,Opção incorreta,Opção incorreta,Opção incorreta,0,medium,Explicação para a questão 69
regulamentos_de_trafego_aereo,Questão 70 sobre regulamentos,Opção correta,Opção incorreta,Opção incorreta,Opção incorreta,0,medium,Explicação para a questão 70
regulamentos_de_trafego_aereo,Questão 71 sobre regulamentos,Opção correta,Opção incorreta,Opção incorreta,Opção incorreta,0,medium,Explicação para a questão 71
regulamentos_de_trafego_aereo,Questão 72 sobre regulamentos,Opção correta,Opção incorreta,Opção incorreta,Opção incorreta,0,medium,Explicação para a questão 72
regulamentos_de_trafego_aereo,Questão 73 sobre regulamentos,Opção correta,Opção incorreta,Opção incorreta,Opção incorreta,0,medium,Explicação para a questão 73
regulamentos_de_trafego_aereo,Questão 74 sobre regulamentos,Opção correta,Opção incorreta,Opção incorreta,Opção incorreta,0,medium,Explicação para a questão 74
regulamentos_de_trafego_aereo,Questão 75 sobre regulamentos,Opção correta,Opção incorreta,Opção incorreta,Opção incorreta,0,medium,Explicação para a questão 75
regulamentos_de_trafego_aereo,Questão 76 sobre regulamentos,Opção correta,Opção incorreta,Opção incorreta,Opção incorreta,0,medium,Explicação para a questão 76
regulamentos_de_trafego_aereo,Questão 77 sobre regulamentos,Opção correta,Opção incorreta,Opção incorreta,Opção incorreta,0,medium,Explicação para a questão 77
regulamentos_de_trafego_aereo,Questão 78 sobre regulamentos,Opção correta,Opção incorreta,Opção incorreta,Opção incorreta,0,medium,Explicação para a questão 78
regulamentos_de_trafego_aereo,Questão 79 sobre regulamentos,Opção correta,Opção incorreta,Opção incorreta,Opção incorreta,0,medium,Explicação para a questão 79
regulamentos_de_trafego_aereo,Questão 80 sobre regulamentos,Opção correta,Opção incorreta,Opção incorreta,Opção incorreta,0,medium,Explicação para a questão 80
regulamentos_de_trafego_aereo,Questão 81 sobre regulamentos,Opção correta,Opção incorreta,Opção incorreta,Opção incorreta,0,medium,Explicação para a questão 81
regulamentos_de_trafego_aereo,Questão 82 sobre regulamentos,Opção correta,Opção incorreta,Opção incorreta,Opção incorreta,0,medium,Explicação para a questão 82
regulamentos_de_trafego_aereo,Questão 83 sobre regulamentos,Opção correta,Opção incorreta,Opção incorreta,Opção incorreta,0,medium,Explicação para a questão 83
regulamentos_de_trafego_aereo,Questão 84 sobre regulamentos,Opção correta,Opção incorreta,Opção incorreta,Opção incorreta,0,medium,Explicação para a questão 84
regulamentos_de_trafego_aereo,Questão 85 sobre regulamentos,Opção correta,Opção incorreta,Opção incorreta,Opção incorreta,0,medium,Explicação para a questão 85
regulamentos_de_trafego_aereo,Questão 86 sobre regulamentos,Opção correta,Opção incorreta,Opção incorreta,Opção incorreta,0,medium,Explicação para a questão 86
regulamentos_de_trafego_aereo,Questão 87 sobre regulamentos,Opção correta,Opção incorreta,Opção incorreta,Opção incorreta,0,medium,Explicação para a questão 87